{
  "$schema": "http://json-schema.org/draft-07/schema#",
  "$id": "urn:anytype:schema:2025-12-09:type-note:ver-1.0",
  "type": "object",
  "title": "Note",
  "x-app": "Anytype",
  "x-icon-name": "create",
  "x-plural": "Notes",
  "x-schema-version": "1.0",
  "x-type-key": "note",
  "properties": {
    "id": {
      "description": "Unique identifier of the Anytype object",
      "readOnly": true,
      "type": "string",
      "x-hidden": true,
      "x-key": "id",
      "x-order": 0
    },
    "Object type": {
      "const": "Note",
      "description": "Relation that stores the object's type",
      "readOnly": true,
      "type": "string",
      "x-featured": true,
      "x-format": "object",
      "x-key": "type",
      "x-order": 1
    },
    "Tag": {
      "examples": [
        "Verification",
        "The Spatial \u0026 Temporal Mechanics",
        "The Foundational Trio (The \"Engine Design\")",
        "The Structural Framework",
        "The Embodiment (The Missing Link)",
        "Epistemic Safety",
        "The AI-Specific Roles",
        "Boundary Condition",
        "NoteBook 8 - Methodology Defense",
        "The Psychoanalytic Inputs \u0026 Outputs",
        "Processing Failure",
        "The \"Hardware\"",
        "Metacognition",
        "Metabolism",
        "NoteBook 7 - Phenomenological Layer",
        "New Concept",
        "NoteBook 5 - Dynamic Operations",
        "Not Sure Yet",
        "Document",
        "Human Stance",
        "NoteBook 6 - Cognitive Mechanics",
        "The Dialogical \u0026 Embodied Layer (The \"System\")",
        "The Pathology Objects (The Diagnosis)"
      ],
      "items": {
        "type": "string"
      },
      "type": "array",
      "x-featured": true,
      "x-format": "tag",
      "x-key": "tag",
      "x-order": 2
    },
    "Backlinks": {
      "description": "List of links coming to object",
      "items": {
        "type": "string"
      },
      "readOnly": true,
      "type": "array",
      "x-featured": true,
      "x-format": "object",
      "x-key": "backlinks",
      "x-order": 3
    },
    "Creation date": {
      "description": "Date when the object was initially created",
      "format": "date-time",
      "readOnly": true,
      "type": "string",
      "x-format": "date",
      "x-key": "createdDate",
      "x-order": 4
    },
    "Created by": {
      "description": "Human which created this object",
      "items": {
        "type": "string"
      },
      "readOnly": true,
      "type": "array",
      "x-format": "object",
      "x-key": "creator",
      "x-object-types": [
        "bafyreihzpwrbovhmciqk72asnhnozdpz5ew5rwizrqhhvlxzhzujt6uoha"
      ],
      "x-order": 5
    },
    "Links": {
      "description": "Outgoing links",
      "items": {
        "type": "string"
      },
      "readOnly": true,
      "type": "array",
      "x-format": "object",
      "x-key": "links",
      "x-order": 6
    },
    "Last modified date": {
      "description": "Date when the object was modified last time",
      "format": "date-time",
      "readOnly": true,
      "type": "string",
      "x-format": "date",
      "x-hidden": true,
      "x-key": "lastModifiedDate",
      "x-order": 7
    },
    "Last modified by": {
      "description": "Human who updated the object last time",
      "items": {
        "type": "string"
      },
      "readOnly": true,
      "type": "array",
      "x-format": "object",
      "x-hidden": true,
      "x-key": "lastModifiedBy",
      "x-object-types": [
        "bafyreihzpwrbovhmciqk72asnhnozdpz5ew5rwizrqhhvlxzhzujt6uoha"
      ],
      "x-order": 8
    },
    "Last opened date": {
      "description": "Date when the object was modified last opened",
      "format": "date-time",
      "readOnly": true,
      "type": "string",
      "x-format": "date",
      "x-hidden": true,
      "x-key": "lastOpenedDate",
      "x-order": 9
    },
    "Emoji": {
      "type": "string",
      "x-format": "emoji",
      "x-hidden": true,
      "x-key": "iconEmoji",
      "x-order": 10
    },
    "Image": {
      "description": "Path to the file in the export",
      "type": "string",
      "x-format": "file",
      "x-hidden": true,
      "x-key": "iconImage",
      "x-order": 11
    },
    "Cover image or color": {
      "type": "string",
      "x-format": "longtext",
      "x-hidden": true,
      "x-key": "coverId",
      "x-order": 12
    }
  }
}
